user_id,completion_percentage,avg_quiz_score,num_failed_attempts,days_since_last_activity,days_since_enrollment,lessons_completed,quiz_attempts_count,dropout
user-1,0.3536766572335659,0.7201024228436224,2,13,30,8,8,0
user-2,0.2485580660782393,0.8387694619205205,1,4,7,4,1,0
user-3,0.4159590873381714,0.8378718013945213,0,13,26,7,2,0
user-4,0.15996757580999188,0.5989880429685767,0,4,40,1,1,1
user-5,0.5502830780616322,0.4660977576733594,2,2,11,11,12,0
user-6,0.11094528759339801,0.8039550708617133,2,4,14,1,7,1
user-7,0.5098966417920571,0.7481308176620942,0,7,21,11,1,1
user-8,0.17727037947274454,0.8706564952144698,5,11,8,0,9,1
user-9,0.19829047191334445,0.6149194757985692,0,4,3,2,1,1
user-10,0.37623678821354994,0.8340177564384541,0,3,28,8,0,0
user-11,0.5434668040445325,0.8781618168329117,2,7,29,14,6,0
user-12,0.08476376294265023,0.7057035418425974,0,6,23,2,11,1
user-13,0.3579287927839609,0.7825394254897224,2,14,18,6,1,0
user-14,0.2733207739503824,0.7772949686286142,1,13,35,2,9,1
user-15,0.13437614109485027,0.5967795706455524,2,13,13,1,4,1
user-16,0.35325485000480755,0.799664490342691,1,5,12,7,4,0
user-17,0.13279012143275798,0.963374751135152,2,4,5,0,2,1
user-18,0.32643436842516804,0.7233305901813954,3,13,39,4,2,1
user-19,0.1658104012585459,0.5008612592022513,1,4,11,2,12,1
user-20,0.207734214505591,0.6169160203628985,2,12,11,4,11,1
user-21,0.26340848808284784,0.45308558267225585,3,9,42,5,2,1
user-22,0.39001433036648914,0.9135391693569097,2,1,31,7,5,0
user-23,0.15364547000727538,0.8346157944492142,1,12,31,4,3,1
user-24,0.30550235119832075,0.6447946092498272,1,14,13,6,12,0
user-25,0.20331388126559594,0.5072910117046595,3,3,14,3,2,1
user-26,0.18387687608823067,0.5950057562636264,2,7,45,5,1,0
user-27,0.36782408723548077,0.6242584551454279,1,7,42,8,12,0
user-28,0.20209676646387698,0.7364111398530088,3,10,25,1,2,0
user-29,0.18633950452881953,0.7313639014797569,0,0,33,4,3,0
user-30,0.2835202997539891,0.9212147963060553,3,1,33,7,5,1
user-31,0.10039930306621207,0.6160867713452935,1,4,15,4,3,1
user-32,0.20772938916523406,0.49377182184691076,2,8,16,5,7,1
user-33,0.30963770735951407,0.5464532287286562,1,9,44,6,2,0
user-34,0.04438580012260338,0.7165462718330249,1,10,38,2,11,1
user-35,0.12457921344554526,0.6106982899581314,1,11,6,4,2,1
user-36,0.21100332015818626,0.6761987181730461,5,12,44,4,2,1
user-37,0.3581887554246956,0.6518949629520834,1,10,25,8,7,0
user-38,0.6522422663601021,0.8685357680557774,3,6,15,13,3,1
user-39,0.16226602605678067,0.6319551469361516,1,9,4,1,0,1
user-40,0.0694242954698856,0.6633986884578285,1,4,4,1,1,1
user-41,0.07684808080982097,0.8275925371738163,1,0,30,0,12,1
user-42,0.1744335165862888,0.6352527133451886,3,14,34,2,9,1
user-43,0.5434537469656785,0.7834818561685526,0,14,27,14,12,0
user-44,0.061653913446673224,0.7697227893032638,2,5,31,3,12,0
user-45,0.23568650663126425,0.7412648788441619,0,11,32,1,1,0
user-46,0.31329412667520323,0.5498405425940265,2,7,44,4,2,1
user-47,0.15258331470398612,0.9044661336782905,1,6,39,2,5,0
user-48,0.38688633601837824,1.0,3,1,9,6,7,0
user-49,0.4845897602554896,0.7213242207401092,3,11,41,10,11,1
user-50,0.0959387779732849,0.5630467689944437,2,4,8,0,0,1
user-51,0.3662241584833629,0.7243654062487533,3,13,14,9,8,1
user-52,0.29837284269070247,0.8684790210878999,2,10,33,6,0,1
user-53,0.2237663665214278,0.6277218486426589,1,3,23,4,9,0
user-54,0.16429164852136469,0.7006651223822715,0,8,21,3,1,1
user-55,0.46138582746288664,0.7710981204618211,2,9,12,8,2,0
user-56,0.09832146075036968,0.9004571778308886,0,0,2,0,6,1
user-57,0.179247512983417,0.8363135599634062,1,11,13,4,8,1
user-58,0.34301873259799726,0.8425301954298393,0,5,4,6,2,0
user-59,0.2746698380360602,0.6560597164985362,0,2,20,4,7,0
user-60,0.4432945779277498,0.7802878432760884,4,10,14,11,8,1
user-61,0.13272443189522465,0.6117055009312307,2,8,30,4,9,1
user-62,0.4006430877209991,0.8468289149827817,0,4,29,13,6,0
user-63,0.32259603850098684,0.892682946117842,3,12,8,8,3,1
user-64,0.2923618255131976,0.8030045353158933,0,5,12,5,3,0
user-65,0.11357697325263678,0.6648884119807776,1,10,41,0,3,1
user-66,0.34155895722546276,0.6894409307937602,2,8,38,6,5,0
user-67,0.16999587395941756,0.9909774315993014,2,8,26,2,3,1
user-68,0.8014732049023443,0.6673934333064755,1,7,2,16,4,0
user-69,0.13177062408757453,0.8774991251175852,4,8,40,0,8,1
user-70,0.12549965919150205,0.7708337397327782,1,3,14,4,11,0
user-71,0.3370138954716538,0.6698795327310235,2,5,6,7,6,0
user-72,0.03439862200520179,0.5183026458795862,3,4,42,2,7,0
user-73,0.15937752033309405,0.751740057088276,0,4,40,1,4,1
user-74,0.2615158445906097,0.7336651299909184,2,3,31,6,4,0
user-75,0.2491194021961276,0.9909802007189,1,1,17,8,12,0
user-76,0.06858692463081448,0.5909710956866252,2,11,25,0,10,1
user-77,0.4595064072499053,1.0,1,5,32,7,6,0
user-78,0.5414781386117564,0.7768215794244889,1,8,12,12,10,0
user-79,0.26059606181093153,0.7766743831833236,1,11,13,3,12,1
user-80,0.06753590748378506,0.6310391798351654,2,0,19,1,11,1
user-81,0.046768834972726804,0.7672059461331703,1,13,44,4,7,0
user-82,0.12713147658095109,0.7909576392349819,2,6,25,1,8,0
user-83,0.32659872582781224,0.8605990937731315,3,5,31,10,1,0
user-84,0.11912486541113902,0.5732516688612085,2,2,37,2,2,1
user-85,0.10776704550146234,0.9310171283682058,2,0,25,0,11,1
user-86,0.3246010263074085,0.7742123285657969,3,12,16,8,11,1
user-87,0.21935449118475614,0.8112343342960968,1,3,38,5,1,0
user-88,0.30479223202169475,0.6868586607742859,1,14,43,6,9,0
user-89,0.403730071467841,0.5807786042581424,2,13,23,7,6,1
user-90,0.18412892169781056,0.7309086941104931,0,8,14,4,11,0
user-91,0.23447365948588197,0.7480943324734827,2,14,6,1,1,1
user-92,0.175068748991844,0.5121857597828263,0,1,25,4,11,1
user-93,0.2673316734797696,0.8389928107747687,1,2,23,8,1,0
user-94,0.238699744225137,0.869478695084487,0,1,43,1,1,1
user-95,0.3257956107307605,0.610550306426831,1,13,12,6,11,1
user-96,0.4434878606676832,0.5666121974591862,1,1,13,7,12,1
user-97,0.3855671372233749,0.6745557934688549,2,9,36,5,3,0
user-98,0.09615258168656671,0.7235842645479449,1,10,39,0,0,1
user-99,0.2089847738799713,0.6803743485126998,2,10,34,2,1,1
user-100,0.16619623428044838,0.7108623250843825,1,7,6,3,2,0
user-101,0.22721487350505115,0.7532216546513874,2,2,38,7,6,0
user-102,0.47592049646427265,0.5147596591911556,1,6,40,6,9,1
user-103,0.11588479103164939,0.5320056559045102,1,7,8,3,0,1
user-104,0.1718540724955221,0.3116583388615283,1,2,8,4,5,0
user-105,0.24093580883068486,0.8613817842680207,3,1,40,8,2,0
user-106,0.19658545353951165,0.7222840530926173,1,12,33,5,2,1
user-107,0.15450740124203077,0.8771776697197734,0,12,34,4,3,1
user-108,0.3024753876496196,0.5493393006282912,1,7,44,7,12,1
user-109,0.2628503990216566,0.7236611009299743,0,2,15,3,3,0
user-110,0.17838548982713623,0.7522239759174901,4,6,36,2,6,1
user-111,0.07140336869412171,0.6357326257754977,1,11,35,4,2,1
user-112,0.36804793518398227,0.486985830229981,2,0,22,3,7,0
user-113,0.16500239921085022,0.9818807004202735,1,13,23,2,7,1
user-114,0.6463769483914986,0.9298925011905076,0,14,40,10,10,0
user-115,0.5031230845032987,0.6627101592411953,0,11,45,11,12,1
user-116,0.40864698504559716,0.7965341467754411,4,5,22,7,6,0
user-117,0.3784719386186748,0.647281398546466,0,11,5,9,1,0
user-118,0.4808171104256129,0.5706894595462878,1,11,31,9,4,1
user-119,0.4501527714550121,0.9940892257435521,2,12,13,6,5,0
user-120,0.31485465592718676,0.4716946677891297,0,8,28,3,11,1
user-121,0.3458306244455384,0.6771744454543327,0,11,20,7,9,0
user-122,0.5386521682270735,0.7326485740863351,3,2,33,9,3,0
user-123,0.30617217969438143,0.967685486803093,1,13,16,5,12,0
user-124,0.14558813424442507,0.8544882981354027,0,6,29,5,9,1
user-125,0.4518857472364912,0.4691625338149022,2,12,23,11,4,1
user-126,0.35993742481792457,0.7195874638448725,2,5,24,11,8,0
user-127,0.06190643377169214,0.7231590297546546,3,7,34,1,10,1
user-128,0.2328545928203029,0.6857492497050837,0,2,7,3,6,1
user-129,0.19208246644942936,0.8129713661295451,0,2,38,5,1,0
user-130,0.5199092769591175,0.5086339608366034,0,3,37,9,10,0
user-131,0.22019437403991562,0.6587046131194995,2,2,4,3,0,0
user-132,0.13772023575141254,0.7918228122319613,1,8,34,2,1,1
user-133,0.47197128618272305,0.8219363527740962,1,10,42,13,2,0
user-134,0.1588460545173127,0.7424129210263796,1,3,22,5,10,0
user-135,0.059689475270839516,0.676741169954955,1,5,5,3,1,0
user-136,0.34081565965226834,0.7020088089560291,1,7,42,10,10,0
user-137,0.3066486182634088,0.8310610683565856,0,10,23,8,2,0
user-138,0.2789555071166885,0.725085117618819,0,12,15,3,9,1
user-139,0.3288097857207582,0.5637228681839207,1,7,31,8,10,1
user-140,0.4064901896391387,0.5349753624082645,3,14,9,10,10,1
user-141,0.32345967824352123,0.4965543867845836,0,4,43,8,11,0
user-142,0.1813428850517404,0.938337122773403,0,4,25,3,11,0
user-143,0.11034442080402913,0.8411192753418667,1,5,25,3,8,1
user-144,0.06261134174457314,0.7040268175229178,1,9,21,1,3,1
user-145,0.3893738659278771,0.6519311272253874,1,6,9,6,11,0
user-146,0.22081199239815472,0.6339104988048964,2,12,38,3,8,1
user-147,0.17057746068742893,0.8839855661373315,0,12,22,5,10,1
user-148,0.06763603384706811,1.0,0,9,43,0,2,1
user-149,0.20636937130196562,0.6291910614108691,5,13,23,3,11,1
user-150,0.35879012288277545,0.8907623280983564,2,6,4,9,0,0
user-151,0.316899984774653,0.7242019373038333,0,12,29,7,10,0
user-152,0.1365637082251592,0.68813566051343,3,3,15,4,4,1
user-153,0.21708374305025172,0.9456321424244885,0,5,1,2,9,1
user-154,0.1363792431986001,0.7184751418885834,2,6,30,4,9,1
user-155,0.06373493040686784,0.7644546658881953,1,4,29,0,1,1
user-156,0.5785716282335199,0.7572410899367168,1,4,20,10,3,0
user-157,0.16737543318713216,0.4761600950010823,1,1,33,2,1,1
user-158,0.485750585203021,0.7632616723074093,2,6,41,12,1,0
user-159,0.2231288814404552,0.635596196333965,1,11,44,4,12,1
user-160,0.37344884728495387,0.5068270289781568,0,5,36,12,2,1
user-161,0.38660756941930585,0.6424294379326856,2,10,22,4,4,0
user-162,0.29103929254547434,0.641191669554458,1,0,13,3,3,0
user-163,0.3584957567261279,0.8744823808695497,1,3,7,10,1,0
user-164,0.3688485254460999,0.5604315575846952,3,2,8,11,10,1
user-165,0.43385584819172346,0.6015228841426118,2,11,28,7,9,0
user-166,0.05932432661715326,0.7553082390822018,3,14,45,1,1,1
user-167,0.15373830274583952,0.5211309342968629,3,2,43,4,5,0
user-168,0.6909271687966831,0.6211489862651499,3,6,9,13,6,1
user-169,0.04927096831835294,0.47032848970001667,0,10,25,1,11,1
user-170,0.18591584017139418,0.8580017190008095,2,11,16,4,9,1
user-171,0.2715695031402613,0.6747955319339721,1,9,10,2,5,1
user-172,0.3219105263709601,0.7176123232496636,1,3,11,6,6,0
user-173,0.48209428949031524,0.8574015479686635,2,14,31,10,0,0
user-174,0.319706275524256,0.6116596674519169,2,11,12,7,5,0
user-175,0.4916099383257625,0.6732019487027994,0,7,31,6,10,0
user-176,0.18417297086710416,0.5615508001041388,1,10,14,5,2,1
user-177,0.029392249773945323,0.5612244418506281,4,8,44,1,0,1
user-178,0.43832440071116074,0.5819125658991181,1,2,32,7,7,0
user-179,0.2201991781916555,0.6461264413749501,2,4,17,8,3,0
user-180,0.1272898020531447,0.6622806698740402,3,3,35,2,9,1
user-181,0.5623099425360223,0.7632948226347569,2,13,1,11,7,0
user-182,0.13516925682648886,0.586317457793715,4,11,29,4,9,1
user-183,0.18926525270317185,0.7679449013876214,4,9,4,8,10,1
user-184,0.27885221243093267,0.7927501937284842,0,14,23,7,3,1
user-185,0.2584988688589334,0.64982667257516,2,5,28,7,3,0
user-186,0.17136241835362837,0.5992913141372428,3,10,16,1,11,1
user-187,0.3902904125361203,0.7327618547969985,2,9,12,8,9,0
user-188,0.1388409287646582,0.6895623805484332,2,3,21,2,3,1
user-189,0.4659217194194351,0.7530527743910318,1,7,45,11,5,0
user-190,0.6157519764816631,0.955479965438995,1,2,17,14,8,0
user-191,0.3073799210471541,0.7302955572641573,2,10,40,9,4,0
user-192,0.3116610941567272,0.6241154158079801,2,4,13,2,11,0
user-193,0.13470126431771032,0.5863665582086912,2,12,32,1,12,1
user-194,0.7239031844967967,0.5921697553017624,2,0,37,17,9,0
user-195,0.11910027770778647,0.5005850539333319,2,12,15,0,7,1
user-196,0.28538578892011157,0.8599115412518368,1,14,12,7,7,1
user-197,0.5143096900418668,0.3850081770966353,0,5,15,13,3,1
user-198,0.15648979507517,0.7932157226578959,2,10,34,3,10,1
user-199,0.26055752603134724,0.5897904139987153,0,4,6,2,9,1
user-200,0.13981359053542353,0.6431392178063823,0,7,17,3,8,1
user-201,0.388093991336372,0.5853018537683417,2,8,20,11,8,1
user-202,0.4641645770320866,0.9368796989463046,1,7,9,12,4,0
user-203,0.12845804774166794,0.7224473402528665,0,7,5,3,5,1
user-204,0.0552063959733059,0.8385567787564279,0,11,23,0,4,0
user-205,0.017279127080126834,0.9150790287894008,1,13,33,4,2,1
user-206,0.1592498686850637,0.7445108211033605,1,12,38,5,10,1
user-207,0.2667449952728772,0.5406564343717181,3,2,14,4,7,1
user-208,0.5296920335983468,0.6869035874826341,2,3,17,11,8,0
user-209,0.3071017670062408,0.6086627979650696,1,14,19,7,3,0
user-210,0.2504805636294227,0.6444743757169051,1,10,33,4,8,1
user-211,0.40355832138751585,0.7058064311026067,4,3,1,9,8,0
user-212,0.3696214928596068,0.6998766536861604,2,14,13,10,6,0
user-213,0.22078097776764183,0.781816374153043,1,14,27,4,7,1
user-214,0.09074148599417395,0.803595644067073,2,13,6,4,2,1
user-215,0.42629856137072764,0.6998782235600314,1,10,6,5,4,1
user-216,0.3076570372812912,0.7805203377161876,3,4,33,11,2,0
user-217,0.08686886954251037,0.6375960217596838,2,12,30,2,6,1
user-218,0.31988267906477214,0.9172169738394755,0,8,35,9,5,0
user-219,0.17245945458117015,0.6351733067673531,5,11,23,4,10,1
user-220,0.5236077465948994,0.8995779726933641,0,8,10,9,2,0
user-221,0.14411306049989406,0.4985899362342417,1,9,19,3,8,0
user-222,0.4369016405600799,0.662938911388373,3,12,28,5,11,1
user-223,0.5620366156958401,0.6703532739579592,1,11,23,13,0,0
user-224,0.20388080864478686,0.7618487692122711,4,13,4,4,9,0
user-225,0.26526006970231497,0.8492725204828235,1,0,20,5,2,0
user-226,0.342996453032718,0.5325907195410708,4,13,19,8,10,0
user-227,0.3081745146780117,0.5538025436935639,1,13,42,6,9,1
user-228,0.07847640863395763,0.5097137898425643,2,7,27,3,10,1
user-229,0.20417842853949858,0.9180276295797626,2,13,34,6,6,0
user-230,0.46757480171249854,0.7646407414195683,2,0,4,8,2,0
user-231,0.22444388214291414,0.5573443187314315,0,1,38,3,2,1
user-232,0.5642742600782024,0.6535357689065894,1,6,7,8,1,0
user-233,0.45836380319932735,0.8972642093492241,4,14,7,9,8,1
user-234,0.22873235215695734,0.6782821154533143,0,7,26,5,10,0
user-235,0.19416253232713945,0.6694217793313241,1,0,26,1,3,1
user-236,0.11404878475035836,0.6028054939765412,0,14,19,5,9,1
user-237,0.11886389807223895,0.5662511529271855,2,2,9,1,12,1
user-238,0.224300325608497,0.8974985715664735,4,6,20,0,5,1
user-239,0.1748455929095408,0.971085238311309,3,12,42,6,1,0
user-240,0.23810184430754963,0.5722208395818978,0,8,45,1,8,1
user-241,0.43794334939116214,0.9307413493827179,1,7,16,11,6,0
user-242,0.3050820962749862,0.6468915875564842,0,7,17,8,9,0
user-243,0.4110151238583872,0.800047199305333,1,14,22,9,4,0
user-244,0.23841138620236768,0.9315320707221612,3,8,13,4,6,1
user-245,0.30555856203807996,0.6982385106444552,0,9,12,7,3,0
user-246,0.22431198667381724,0.6708087119598961,3,2,10,7,12,1
user-247,0.22830350418430012,0.8401621445682278,2,7,1,3,9,1
user-248,0.601389322500987,0.5535070744445626,2,0,32,14,12,0
user-249,0.1861016376343618,0.8920592066760645,1,7,30,6,6,1
user-250,0.33223765339141825,0.7414214088663874,2,12,8,7,1,0
user-251,0.1535906531023021,0.6333374237768734,1,6,21,2,6,0
user-252,0.5895945688191789,0.6293748595026218,1,12,22,14,3,0
user-253,0.1360111358496655,0.5124806232257451,5,14,18,4,3,1
user-254,0.1452923245069306,0.6395741750064016,2,7,2,1,0,1
user-255,0.4696325075583426,0.6803943357008398,1,0,44,9,11,0
user-256,0.34705488787399064,0.5608059702432777,2,5,9,9,2,0
user-257,0.2243778179558153,0.7131802535806493,0,6,3,5,4,1
user-258,0.380680807328598,0.7909375626788243,0,13,26,10,4,0
user-259,0.25273846971971753,0.6879791796000871,2,10,21,4,1,1
user-260,0.19184179202086682,0.81940887397789,2,4,30,2,3,1
user-261,0.21777087913042306,0.5989290025530996,1,13,28,9,0,1
user-262,0.5469541833338393,0.870507414632991,2,4,36,8,8,0
user-263,0.43202781936331336,0.7382722058662287,1,6,26,8,0,0
user-264,0.337528941637207,0.9517885754632115,1,14,34,7,5,0
user-265,0.2801225539599779,1.0,0,10,8,8,6,1
user-266,0.20469271636460634,0.6494634611545078,0,14,10,5,2,1
user-267,0.19782889115756616,0.6556404184647813,1,2,43,9,11,0
user-268,0.42009875160522375,0.6830636817076924,0,5,14,8,0,0
user-269,0.0945684310647346,0.8093553375263272,5,6,40,0,6,1
user-270,0.06833691093100046,0.9188954955712635,4,0,15,1,2,1
user-271,0.37337115119161546,0.6220787273745295,3,11,17,7,12,0
user-272,0.18149745939783,0.7771866399717109,1,1,18,3,9,0
user-273,0.468820350820886,0.6996109065216349,1,11,32,7,11,0
user-274,0.4418376196321603,0.8127163653810883,0,3,38,10,11,0
user-275,0.27311956524215814,0.9464186540111535,1,12,23,6,5,1
user-276,0.4417392325829916,0.6839507643850478,3,7,23,6,12,1
user-277,0.45149946593464635,0.46951984999894036,2,10,35,11,11,1
user-278,0.5143025110676812,0.8315852515320439,0,12,39,9,5,0
user-279,0.19848042283768558,0.5950942172091821,1,13,15,2,11,1
user-280,0.05624495924290872,0.6985326394554333,3,9,24,1,3,1
user-281,0.013096916111202185,0.8380546255307421,3,5,28,0,11,1
user-282,0.4422153449338335,0.7646092280296661,0,0,16,10,10,1
user-283,0.2563288233480382,0.7047419961670432,2,9,16,0,5,1
user-284,0.12008037150759632,0.6336177431312519,1,4,40,0,10,1
user-285,0.2906548683413762,0.28501593295875016,2,6,39,9,9,0
user-286,0.248426499061781,0.8247481223634303,2,14,6,4,3,1
user-287,0.27311496256388507,0.6820572451161354,0,12,2,4,12,1
user-288,0.23103274537339655,0.9470004417533588,2,5,13,7,7,0
user-289,0.3977583849607769,0.7797042044942805,1,12,44,6,8,0
user-290,0.12280995074610727,0.6388311941197735,1,12,9,4,1,1
user-291,0.24431246570620357,0.880030513256406,2,11,34,7,6,1
user-292,0.16905503117317644,0.8926694108937285,1,8,17,4,8,1
user-293,0.3630143517577401,0.6871452278471283,1,7,27,4,8,0
user-294,0.15939157930324252,0.8990467298359841,0,14,29,2,11,1
user-295,0.09801246109614241,0.6367037916920929,1,3,37,7,4,0
user-296,0.32587444392919906,0.7439471654111854,2,12,43,6,0,0
user-297,0.3065108052415546,0.8057112581578171,2,10,22,12,5,1
user-298,0.07671218365016581,0.8377172376021284,2,11,24,5,7,1
user-299,0.4728620841435419,0.8132282772923835,2,4,7,10,0,0
user-300,0.31570110112731165,0.6701014229155241,0,6,34,7,1,0
user-301,0.20630964194203893,0.8840546461037162,0,7,12,3,12,0
user-302,0.03867293865424374,0.7013359015340372,2,4,23,1,12,1
user-303,0.4168670056078366,0.634645895658721,3,8,15,7,0,1
user-304,0.30526408172006453,0.6368493049030003,0,13,33,6,4,0
user-305,0.360409463644948,1.0,2,9,13,4,1,0
user-306,0.31965237212640535,0.6087024857862082,2,11,23,4,9,0
user-307,0.06039203154803857,0.913745284014067,2,3,38,4,9,0
user-308,0.21767561927151582,0.5496799956284745,0,3,32,1,3,1
user-309,0.4233910425225104,0.7931858167611279,2,12,45,10,0,0
user-310,0.08575359616064847,0.7645625177236253,2,7,35,0,6,1
user-311,0.24114210026316804,0.9631840319589342,0,0,1,6,7,0
user-312,0.10682136950093098,0.6218397157247227,0,7,45,2,4,1
user-313,0.39399743206671656,0.5804003673059419,1,4,5,11,1,0
user-314,0.25572263337086576,0.7025234432479527,1,12,13,4,7,1
user-315,0.3840811292272226,0.9697202743860678,1,13,5,4,0,0
user-316,0.36614580595245383,0.5873762280084348,1,10,32,7,6,1
user-317,0.5816434885743039,0.3317375051693701,2,0,21,12,0,0
user-318,0.5621775612709532,0.7289651756059924,4,3,24,11,11,0
user-319,0.08844444030069644,0.8624284376941513,0,1,18,3,5,0
user-320,0.3446235300029249,0.5679291101040206,3,3,21,6,12,0
user-321,0.6095654722173226,0.8471898260029895,2,7,10,10,5,0
user-322,0.3141309765261968,0.5646133522481315,3,4,24,4,4,0
user-323,0.6479463612947148,0.6980162196462482,2,0,40,12,1,0
user-324,0.22650191954925245,0.8329023472929086,4,6,21,3,1,1
user-325,0.4532267059451018,0.5418801897392342,2,0,25,14,8,0
user-326,0.5996218506997747,0.7472269997261332,1,8,23,15,4,0
user-327,0.13623186235398355,0.9022460266938356,1,2,22,4,4,0
user-328,0.2361379497655822,0.7910901148817026,0,11,4,6,6,1
user-329,0.6046614565204123,0.6119060913613849,1,2,34,13,5,0
user-330,0.2920487185984638,0.9478077529075191,1,14,6,6,1,1
user-331,0.4004222737895427,0.8187588767883734,3,14,28,8,10,1
user-332,0.45077109441955576,0.44093280001135393,1,5,31,9,0,0
user-333,0.18480186641013244,0.849636542210134,0,9,35,0,4,1
user-334,0.41019293380539773,0.6342938621374085,2,5,39,7,3,0
user-335,0.34973434990572005,0.7494845321463697,0,12,42,7,11,0
user-336,0.17561919698936396,0.871200600643989,0,10,23,2,2,1
user-337,0.2052622268743936,0.6375593123002748,2,10,6,3,1,1
user-338,0.6085560017364289,0.4731611078937279,2,5,16,13,9,0
user-339,0.14165877053537307,0.9458317787858742,1,12,2,4,1,1
user-340,0.43593946275941003,0.8946875206802921,2,0,24,9,3,0
user-341,0.3082365330185971,0.7069115980225581,1,4,17,8,1,0
user-342,0.45500639880107346,0.8480132177238172,1,11,45,11,3,0
user-343,0.42754908476185066,0.6645919901904473,1,5,1,8,2,0
user-344,0.2781861683282088,0.7345455265141274,4,7,6,7,8,1
user-345,0.18524055235766118,0.698356808604489,2,12,5,0,6,0
user-346,0.5553171992560851,0.6706583871964046,2,0,45,10,12,0
user-347,0.5031820579410835,0.7738953870128632,1,4,29,9,10,0
user-348,0.32184672035858475,0.5387731764531618,5,2,12,9,11,0
user-349,0.2940375021670958,0.6822628753851631,1,1,39,7,2,1
user-350,0.12544938510343304,0.7671719208725107,3,10,3,0,12,1
user-351,0.44440125056011115,0.9957151061942453,1,7,1,10,7,0
user-352,0.5757688148776431,0.5448698677030955,2,6,27,13,8,1
user-353,0.12381086556612016,0.798082958659864,3,9,24,2,12,0
user-354,0.14174247492062758,0.8145223164641792,1,6,44,4,6,1
user-355,0.18727519902269188,0.43849219039758947,3,4,19,0,5,1
user-356,0.19126728643193613,0.7815798021613878,2,11,8,0,3,1
user-357,0.2750086185191396,0.8520427618475671,2,12,44,3,4,1
user-358,0.2594732652222252,0.8082979019073652,2,8,2,5,7,1
user-359,0.11601733753096193,0.7074109117690986,0,4,30,5,2,0
user-360,0.5878548997680135,0.7699860054783643,4,1,30,10,1,0
user-361,0.14184427607987107,0.7454767045873545,0,2,39,1,2,1
user-362,0.2670940915387838,0.4665813992527208,2,3,45,6,11,1
user-363,0.16934940183695033,0.7489980487131699,1,14,32,2,6,1
user-364,0.5051295998717548,0.6649394391027491,0,4,1,9,7,1
user-365,0.2152263011559128,0.6142766743503025,0,12,38,3,0,1
user-366,0.30267928438841163,1.0,4,2,13,9,12,0
user-367,0.6043368946581595,0.9078923579429335,1,11,11,14,6,0
user-368,0.22644282471136645,0.5474741909528418,0,13,10,5,8,0
user-369,0.33001023491704745,0.7719954294848759,3,6,26,10,11,1
user-370,0.15526763571837746,0.9387037913346487,2,4,20,4,12,0
user-371,0.2640383541633144,0.4955701268885997,0,4,17,8,2,0
user-372,0.3870555710169233,0.7315474712110731,2,5,17,6,2,0
user-373,0.12195815794277094,0.738610908857924,1,6,4,1,7,1
user-374,0.23073436812794024,0.5288260676251466,3,9,5,3,3,0
user-375,0.3374328449762504,0.7769325456918345,1,9,23,7,7,0
user-376,0.07241046297913231,0.8874369585777188,1,7,10,2,4,1
user-377,0.37822073548513974,0.946207138712873,5,8,28,8,2,1
user-378,0.3194343997975769,0.6825953847561081,1,10,33,10,3,0
user-379,0.19725972017809695,1.0,1,3,43,5,3,0
user-380,0.28717210051402103,0.41130498699048673,2,4,26,5,7,0
user-381,0.6008221918617068,0.7734325064721693,0,14,29,12,5,0
user-382,0.09712260572285623,0.5081558520105217,1,4,27,5,6,1
user-383,0.2750073539162113,0.733527395624535,0,7,18,7,8,1
user-384,0.5045933992123101,0.6417139874842456,1,8,40,13,5,0
user-385,0.15951835961325392,0.7960316184585842,3,6,10,2,2,1
user-386,0.21444346597451258,0.7009678928846709,1,14,42,3,12,1
user-387,0.46315732764973994,0.5961023732960226,1,4,5,8,2,0
user-388,0.27810240669822206,0.605956357865403,0,2,10,5,10,1
user-389,0.185040538482732,1.0,2,0,21,2,2,1
user-390,0.11455555890742458,0.7865285607693622,2,10,24,3,11,0
user-391,0.4228950555098883,0.4646806940192418,2,8,38,9,9,1
user-392,0.6440679634524121,0.8026181602675145,3,4,3,16,1,0
user-393,0.3083255266751108,0.6907985006463004,0,8,40,3,0,0
user-394,0.4105774245043222,0.7206901630645708,1,9,31,6,10,0
user-395,0.19605420588440753,0.8429832230972696,2,14,41,6,9,1
user-396,0.13887477350878247,0.8974840760569268,3,11,37,3,0,1
user-397,0.09852676123919558,0.5911780908118967,2,12,2,2,3,1
user-398,0.36726113123900367,0.7155387518766924,2,13,2,10,2,0
user-399,0.5073793345737749,0.6380833495892145,0,3,39,8,4,0
user-400,0.2364619685412546,0.8095293271611393,0,4,42,3,11,0
user-401,0.4056361401586,0.6851543259395746,1,3,44,6,8,0
user-402,0.26490977098893786,0.7243877219552813,1,1,34,1,11,1
user-403,0.3808117943964557,0.6794584858484752,1,11,42,8,12,0
user-404,0.22533174704489528,0.7040820726646002,2,0,20,3,7,0
user-405,0.04515369517060627,0.9756976508892202,1,7,33,0,11,1
user-406,0.16436603283956178,1.0,2,3,4,1,8,1
user-407,0.19143069972773935,0.7765638140613714,2,4,45,4,12,0
user-408,0.2616461141449531,0.7050045330274645,2,5,44,4,4,0
user-409,0.35639372193893865,0.4806544858665475,1,13,11,8,7,1
user-410,0.08073936672491931,0.6059372700282939,1,7,42,3,3,1
user-411,0.10845747547886783,0.7009895946321141,3,10,5,2,4,1
user-412,0.24552664654232526,0.612740516904386,2,7,25,4,11,1
user-413,0.5453972463065507,0.6285148855692116,1,6,37,11,2,0
user-414,0.3355411391283527,0.9563084211084247,0,3,34,7,4,0
user-415,0.1119325748862739,0.7243186220607722,2,5,9,5,11,0
user-416,0.07861861954219995,0.7377317987102905,1,3,6,2,2,1
user-417,0.22324955997792298,0.618871415949266,3,14,18,7,4,1
user-418,0.2393448930531098,0.8966317087154378,1,13,14,6,10,1
user-419,0.4691650839986767,0.6881132058017148,3,6,19,7,4,1
user-420,0.10930101287827769,0.6418704502273715,1,11,14,1,5,1
user-421,0.350841738423868,0.48288737740358373,2,12,40,7,8,1
user-422,0.11473327681688954,0.710834712937295,1,11,17,4,0,1
user-423,0.5209560844968074,0.6371912997333897,1,14,35,14,11,0
user-424,0.46291911654104495,0.9726869619025349,0,12,29,8,9,0
user-425,0.4458084306295856,0.9965848038002926,1,12,42,9,5,0
user-426,0.45074564735850964,0.5347079257850588,0,10,17,11,0,1
user-427,0.207768701685737,0.5516770143178504,1,13,43,4,5,1
user-428,0.5530846398930729,0.6785520547310327,2,0,8,14,1,0
user-429,0.2414057853315312,0.5975943156908592,1,4,1,2,7,1
user-430,0.3521991446239846,0.7526124863530069,1,14,45,8,10,1
user-431,0.5623335554103934,0.671006476637165,0,13,36,13,2,0
user-432,0.066028107172517,0.7620798510832888,3,9,7,4,9,1
user-433,0.47801036279397796,0.872414028247045,1,11,5,10,5,1
user-434,0.3619557421910526,0.5603667734496739,1,14,24,9,5,1
user-435,0.4016190764260652,0.8692816833716097,1,9,28,8,3,0
user-436,0.14476908879022118,0.6107021378519735,2,14,43,1,4,1
user-437,0.14853618339714061,1.0,2,3,17,1,1,1
user-438,0.2673122822770018,0.9631463949374082,1,10,37,2,9,1
user-439,0.2665058948831771,0.7030379496170647,2,6,20,4,9,1
user-440,0.2016844401116823,0.5754624833204938,2,12,3,5,7,1
user-441,0.5191348577625704,0.5467701030488125,3,8,37,10,9,1
user-442,0.012576968831467977,0.8510442753111794,2,4,26,1,6,1
user-443,0.23005953211192406,0.7154395850204252,1,3,15,7,9,0
user-444,0.08916247674529965,0.8590300328627937,0,14,8,1,5,1
user-445,0.5437183231209585,1.0,2,8,13,16,6,0
user-446,0.3380641675028336,0.6044425591925814,0,4,3,8,11,0
user-447,0.22099377678765253,0.5354792634362868,2,8,1,4,0,1
user-448,0.1223216696690602,0.7488840351798939,4,7,9,2,4,1
user-449,0.32715774615691906,0.8917139417178446,2,3,31,5,6,0
user-450,0.09997482682028871,0.5789309565321364,0,10,41,2,0,1
user-451,0.33759203987394115,0.7251937108138868,2,10,26,2,1,1
user-452,0.5828544730774738,0.9255065491756485,1,6,17,14,8,0
user-453,0.5490326088038333,0.4750683242264441,1,4,34,5,11,0
user-454,0.1444002153105774,0.7552976942158649,2,9,9,3,2,1
user-455,0.5397886850088234,0.6389845359601822,3,3,13,9,5,0
user-456,0.04910391423801593,0.7386234886456954,0,4,5,0,6,1
user-457,0.2269298672078842,0.8264676435875532,4,4,41,3,8,1
user-458,0.1507116244682386,0.7531212761832137,2,10,13,7,4,1
user-459,0.039774266807851434,0.5684666396832218,0,14,1,0,3,1
user-460,0.41995867755191874,0.6448130792649782,2,8,25,10,10,1
user-461,0.4703209324057288,0.9339889470486699,0,11,4,12,11,0
user-462,0.45932256242566094,0.7693399340886147,4,8,36,5,1,1
user-463,0.2928697416440325,0.8460478691377272,1,5,10,5,2,0
user-464,0.3253208111970423,0.7575442965274564,0,13,28,9,4,0
user-465,0.608299740483025,0.841367410236288,3,3,6,10,10,1
user-466,0.227995917813659,0.6605780865094018,1,14,27,7,12,1
user-467,0.3285833899501695,0.6048732529848846,1,1,12,7,1,0
user-468,0.188908839828141,0.834554657377207,1,13,3,4,12,1
user-469,0.4759491652842039,0.8891061015668333,1,2,33,10,3,0
user-470,0.46195246754850827,0.5828578033805037,2,1,10,10,0,0
user-471,0.33552196724204514,0.6336082782864407,0,4,31,5,3,1
user-472,0.2913305263540643,0.695516035765364,2,5,15,5,6,0
user-473,0.3010360813901332,0.9629736907473972,4,10,7,7,11,1
user-474,0.32719066890772697,0.8044703182752388,0,4,36,7,2,0
user-475,0.06764099286707154,0.5213869755201169,2,1,14,2,9,1
user-476,0.33280396452018307,0.7060525812615748,1,11,14,5,7,0
user-477,0.5689403837780265,0.683118186637435,2,4,3,13,5,0
user-478,0.16873682327409087,0.5440095665994105,2,8,3,4,5,1
user-479,0.32347850774297826,0.7042812124657908,3,3,22,3,0,0
user-480,0.25951423642259236,0.6764943840590442,1,11,19,4,4,1
user-481,0.21073410761815942,0.6657551214574261,3,9,35,2,2,1
user-482,0.44543893158488235,0.6588927948927283,1,1,12,7,9,0
user-483,0.19252517781702655,0.9407090322523205,4,2,5,3,0,1
user-484,0.42157302297519683,0.6654445325849226,0,2,10,10,7,0
user-485,0.3147556062634345,0.7274506584450396,1,8,41,5,6,0
user-486,0.08917514806890406,0.7111852931584906,5,3,33,2,6,1
user-487,0.18139749745536857,0.6442474724448995,1,14,13,4,11,1
user-488,0.28885207597984763,0.7319257098551548,1,0,35,4,9,0
user-489,0.19122046404901058,0.7298025894146646,0,0,32,3,9,0
user-490,0.25463202598101103,0.7319634790348823,1,14,11,7,9,1
user-491,0.26260915795931455,0.5911150286855368,1,6,38,6,3,1
user-492,0.1868577020761625,0.6890813239121037,1,6,24,5,12,1
user-493,0.1235656832485277,0.8340482813024787,3,1,35,5,10,1
user-494,0.3590902667010948,0.693027505292994,2,8,19,8,5,0
user-495,0.0072479127321231195,0.7442672868901887,2,8,6,0,12,1
user-496,0.22541229173963975,0.7450555501089532,2,4,40,5,8,0
user-497,0.3682584032090778,0.7826092696100875,0,14,45,6,2,0
user-498,0.47005375734757493,0.8037976372520715,0,14,44,13,8,0
user-499,0.23340795938545686,0.6938774085376169,2,2,42,5,3,0
user-500,0.604550623924786,0.5832997045361855,2,2,35,11,4,0
user-501,0.11161825582150756,0.5371927006987686,0,11,4,3,6,1
user-502,0.2918006363881575,0.8726529619104538,2,2,33,6,5,0
user-503,0.24367885033200437,0.83553756719566,0,5,13,1,9,1
user-504,0.09117290073823889,0.8174047026506289,2,3,36,4,7,0
user-505,0.34238261216894417,0.8416805291794011,0,7,43,6,7,0
user-506,0.2613583638874165,0.6957666024561167,0,14,19,8,7,1
user-507,0.10545421749979744,0.6262685373351674,2,12,43,2,2,1
user-508,0.33941958951777684,0.5729388885302943,3,10,12,10,9,1
user-509,0.06674404650508572,0.556597500512175,3,12,11,2,5,1
user-510,0.39484478584956023,0.9018238032825496,3,10,6,10,6,1
user-511,0.17015973446901886,0.6460282716368777,2,10,12,2,8,1
user-512,0.6912093386389426,0.878228860381633,1,4,27,15,9,0
user-513,0.17016504307163668,0.6919671254429024,1,0,41,0,9,1
user-514,0.25965807209419905,0.6185638187636364,2,8,25,5,11,1
user-515,0.34085924943352575,0.5558452803674785,1,0,42,4,3,0
user-516,0.1936145912070428,0.6317768464518374,3,5,3,2,4,1
user-517,0.442118957174682,0.9327358174359435,1,0,3,7,7,0
user-518,0.2918146343826823,0.5573684880330281,1,2,20,7,0,0
user-519,0.0431616328618451,1.0,2,14,28,1,11,1
user-520,0.08526285170391149,0.5939088858795534,2,9,23,2,5,1
user-521,0.47376583548934953,0.8324924955976868,3,4,3,9,3,0
user-522,0.2739533039710695,0.6982123058617516,3,14,42,8,4,1
user-523,0.23739520744884943,0.6719160626210722,2,9,24,5,10,1
user-524,0.2670788820929144,0.5292868834312295,2,6,43,6,4,1
user-525,0.10348797073465829,0.7052410525873143,3,13,40,1,1,1
user-526,0.22795113216234186,0.5462571005450993,2,9,6,7,7,1
user-527,0.2627333305254055,0.46776343503488393,1,7,20,8,1,1
user-528,0.6891140409001312,0.7379398017326173,3,11,11,14,3,1
user-529,0.2505649400674639,0.6246865339746367,3,8,32,4,11,1
user-530,0.24464969297662237,0.9726522774187472,1,5,27,2,12,1
user-531,0.27673841493821466,0.8700032572639234,3,14,21,4,4,1
user-532,0.27220512050485735,0.9746148272005154,3,10,44,1,0,1
user-533,0.22994845690931615,0.6178675643238152,2,8,13,3,5,1
user-534,0.42570532098434083,0.7404206610196931,1,7,22,9,1,0
user-535,0.22271118741639412,0.32689935604784204,2,8,35,4,4,1
user-536,0.4773689304451496,0.6777296428969913,4,9,22,14,5,1
user-537,0.23101298651698982,0.7347747522037021,1,3,28,4,10,0
user-538,0.43144353619464987,0.7431072116552657,1,8,21,8,7,0
user-539,0.3868797602101906,0.7136447384187491,1,14,18,10,8,0
user-540,0.20867813507832514,0.7299888857627502,2,6,31,0,12,1
user-541,0.09002499819996725,0.31301360487548824,0,4,37,0,11,1
user-542,0.6038569167009646,0.7584332754122968,1,4,21,13,5,0
user-543,0.22652332523012098,0.7925159837895058,0,0,14,4,4,0
user-544,0.3042970610133372,0.9207038103943276,5,1,25,6,11,0
user-545,0.1646258613749869,0.7753107088915395,1,9,27,1,3,1
user-546,0.1823972362349482,0.7003894399930143,4,2,40,4,1,1
user-547,0.4766491048877699,0.8857412883346457,2,13,23,8,1,0
user-548,0.5264086385938195,0.36639986631007815,1,13,31,11,6,1
user-549,0.36092031234155697,0.6427577204059284,1,7,29,5,4,0
user-550,0.2509553296201303,0.6051285029911933,3,5,30,5,6,0
user-551,0.38353167265354643,0.7148217300253034,3,11,26,12,12,1
user-552,0.19591171866205373,0.3901960781656253,1,9,20,3,10,1
user-553,0.2976150813463317,0.9179453493365578,0,10,38,6,0,1
user-554,0.13237350274514814,0.6825285150473631,2,12,19,2,0,1
user-555,0.12631168044090502,0.7678195036738401,3,14,27,3,4,1
user-556,0.35476652265808534,0.7534636837589841,2,13,25,8,1,0
user-557,0.3219807096428471,0.9093734842315425,0,4,40,7,7,0
user-558,0.31080926061425895,0.4407074797688929,0,12,38,7,2,1
user-559,0.22661352635262422,0.7368481748204718,2,0,23,4,0,1
user-560,0.3116613226660596,0.8919267391057291,0,11,29,6,12,0
user-561,0.17217359051439798,0.7053020329918963,1,10,15,3,1,1
user-562,0.04146697521282487,0.5773095910292547,1,11,3,0,9,1
user-563,0.2761974130074415,0.6294164826516321,0,8,10,11,9,1
user-564,0.09425356031693806,0.6610586997290393,1,2,15,3,6,0
user-565,0.4118445340829866,0.6118424955715516,1,2,16,6,5,0
user-566,0.5157009792685964,0.697078332439896,2,1,17,11,11,1
user-567,0.6342283268293692,0.9462371104777503,2,3,19,10,7,0
user-568,0.27170217319000567,0.6303952851693776,0,11,11,4,6,1
user-569,0.16115555595365105,0.6468489038581501,3,1,5,0,9,1
user-570,0.3019616530585536,0.788967087607547,0,12,5,6,12,0
user-571,0.24747616586330073,0.6937769454054186,1,8,14,2,7,1
user-572,0.2773672197869529,0.5206222299982676,2,11,26,6,2,1
user-573,0.47222499596045936,0.7108217343331468,3,9,8,11,5,1
user-574,0.21903951367592533,0.7051662851404611,0,6,5,3,12,1
user-575,0.25130404126245265,0.866351751815723,1,7,7,5,6,0
user-576,0.13449891422559365,0.5741771402696008,1,2,16,1,9,1
user-577,0.2575375190463321,0.8673479224133165,1,5,14,6,10,0
user-578,0.5758311543371692,0.7053253781850084,1,14,37,10,0,0
user-579,0.17478898807467755,0.5538087493627507,1,9,41,5,0,1
user-580,0.4404393990716352,0.5236832531884607,1,5,4,5,6,0
user-581,0.23996872315505716,1.0,3,12,36,3,12,1
user-582,0.4457504855829945,0.696012596574684,0,0,17,7,10,0
user-583,0.41814573239418396,0.8604756175095731,2,5,36,9,12,0
user-584,0.12477872464880943,0.4637820908087805,1,12,6,4,2,1
user-585,0.4135696874278296,1.0,1,13,16,9,2,0
user-586,0.0855221607194543,0.8539866942550692,3,2,29,1,4,1
user-587,0.10238495285184403,0.6816839678767186,2,10,36,0,10,1
user-588,0.22850508874050057,0.6740751213216735,0,2,38,5,5,0
user-589,0.5466614162505907,0.8301897192454494,0,2,37,13,1,0
user-590,0.35108503224370974,0.8215772530087571,1,9,10,12,2,0
user-591,0.13941057604626686,0.7473793920596158,0,10,41,2,5,1
user-592,0.05369951548994858,0.7216318137303346,1,14,36,0,2,0
user-593,0.3806987361056626,0.8041600626038875,3,10,29,8,4,1
user-594,0.2794224044294483,0.4587444670379734,1,14,14,5,8,1
user-595,0.3066911814390244,0.6643087931078621,1,9,4,9,11,0
user-596,0.34303308364673246,0.4729704212560731,2,10,44,5,2,1
user-597,0.47611454437072087,0.8106888517053757,2,7,42,9,11,0
user-598,0.2554704259647891,0.618627904345002,1,12,36,7,10,1
user-599,0.5012006017832084,0.4842632881981233,3,4,45,11,12,0
user-600,0.15400666296079904,0.6009320213971545,0,3,13,5,12,0
user-601,0.06323234040516468,0.7424034302198678,2,12,18,0,5,1
user-602,0.44834545888275384,0.6892157426166284,3,8,33,11,10,1
user-603,0.10997586339778063,0.544026516145084,3,8,21,0,4,1
user-604,0.29980310270744265,0.4642697097404076,2,0,16,3,4,0
user-605,0.5363077304756033,0.7310899180545752,2,1,15,13,10,1
user-606,0.06705426999363957,0.6328847839874309,3,7,5,1,5,1
user-607,0.3373425781481131,0.6812878935203923,1,4,6,9,5,0
user-608,0.06163751556213369,0.696047221876755,0,6,38,1,0,1
user-609,0.2669105924136806,0.7845098530762977,2,0,3,5,10,0
user-610,0.014681933127792124,0.8470419752654869,0,11,12,0,8,1
user-611,0.09291290127017376,0.7419763801437664,1,9,36,2,4,1
user-612,0.16208459011388984,0.6719306175360534,3,11,33,6,0,1
user-613,0.05558771864927384,0.7237145307143704,0,4,36,1,7,1
user-614,0.3628731421368042,0.6691144549110568,2,10,33,9,6,0
user-615,0.32618555306964203,0.4736169969550318,1,11,31,8,6,1
user-616,0.5516768599767244,0.8837919256934362,2,2,21,9,4,0
user-617,0.10991865606237472,0.8555158293731705,0,9,27,4,0,0
user-618,0.21718481039517945,1.0,0,11,27,4,8,1
user-619,0.07822097883115157,1.0,2,11,8,1,10,0
user-620,0.1767688055025618,0.5435969801620859,0,13,37,8,8,1
user-621,0.5954379734962467,0.6696900119431757,2,1,32,13,7,0
user-622,0.39717268660938093,1.0,1,1,26,7,4,0
user-623,0.10556720645550324,0.7139174076626648,2,8,2,2,2,1
user-624,0.031185910555505736,0.7566316353820127,2,12,12,1,7,1
user-625,0.027957961979081916,0.49183050724581306,2,3,22,4,0,1
user-626,0.36797659433535934,0.742543294736516,1,3,17,7,2,0
user-627,0.159129571300425,1.0,0,6,7,8,11,1
user-628,0.7380869638355531,0.9129938715155292,0,9,43,12,10,0
user-629,0.24369917696780016,0.6285023067722185,1,9,4,5,6,1
user-630,0.17097774059130702,0.6605525450147376,2,12,37,2,3,1
user-631,0.08072398199878913,0.5503649561258604,1,1,38,1,6,1
user-632,0.4477791997522805,0.5923255289625441,0,2,32,8,11,0
user-633,0.1973516547155251,0.43346821068202956,2,2,11,3,10,1
user-634,0.2614729695537016,0.7072770488010386,1,5,1,9,12,1
user-635,0.2791904822094437,0.9465166019895616,0,2,25,8,4,0
user-636,0.24924642287697085,0.7733147886140623,1,10,42,6,5,1
user-637,0.38880045320267814,0.9249358484948598,1,4,24,7,6,0
user-638,0.08983097773481852,0.8809874101388997,1,3,43,0,12,1
user-639,0.23935370414756976,0.6379787865641058,0,2,17,6,9,0
user-640,0.20045204994057464,0.6060740007890327,1,7,8,5,11,1
user-641,0.40099694375353145,0.6118223164722817,0,13,45,8,6,0
user-642,0.4674355152035755,0.46244070773369267,2,9,27,10,6,1
user-643,0.12791579245418194,0.7248495349193361,1,2,18,4,6,0
user-644,0.40373494198452503,0.2843303405134369,1,5,27,8,10,1
user-645,0.08948655761560051,0.8087123263929579,2,12,22,0,12,1
user-646,0.24781566399063273,0.7307821403578312,4,14,16,2,12,1
user-647,0.26449203451846,0.7907159799742259,1,6,2,6,6,1
user-648,0.4549932251283339,0.8785524424422203,1,6,5,13,2,0
user-649,0.38950793387251037,0.749819188250828,2,1,18,6,11,0
user-650,0.09718177285658083,0.9647357606482133,3,13,3,4,2,1
user-651,0.3828986050331805,0.8132918716428315,2,2,27,6,6,1
user-652,0.297838427885603,0.6064309729775924,2,11,17,5,1,1
user-653,0.5903979088514874,0.6843433436781181,2,9,16,14,1,0
user-654,0.17609833187507087,0.3808063459874795,2,9,6,3,2,1
user-655,0.2144134952920709,0.5846714339291751,0,14,7,5,3,0
user-656,0.6204682337798466,0.6628505391099914,2,3,14,13,5,0
user-657,0.48723314496000425,0.8019410414336499,3,6,38,8,12,1
user-658,0.0962069245149608,0.6074458457187284,1,1,40,4,7,0
user-659,0.24965580347196684,0.5330603979098354,1,2,15,5,9,1
user-660,0.34123779909224605,0.4368702145487811,2,6,33,4,9,1
user-661,0.4009150563139554,0.6305373722110023,0,6,43,6,6,0
user-662,0.11793590761943243,1.0,1,14,27,0,3,1
user-663,0.5572754113921148,0.7606660552345549,3,9,29,11,1,1
user-664,0.06294278801876782,0.8609369118532768,0,2,37,4,1,0
user-665,0.12295220654768171,0.5849918651003626,3,11,5,0,3,1
user-666,0.5302969759506505,0.4839825359846672,4,0,29,12,5,1
user-667,0.2709993961105075,0.5368383803867899,0,11,32,6,2,1
user-668,0.27708902751884185,0.7054303336263544,2,2,6,4,5,0
user-669,0.3011841922288169,0.4208806734781115,1,4,2,9,4,0
user-670,0.14014940155761474,0.5690114375385343,0,6,6,2,4,1
user-671,0.07373378490111673,0.6320458971043059,1,3,43,5,1,0
user-672,0.32915651051709327,0.5218612040905048,2,12,4,3,7,1
user-673,0.359768584824016,0.4014475474012756,2,12,29,7,4,1
user-674,0.30977747327024047,0.7634480547314637,1,10,25,6,10,0
user-675,0.18035041428788406,0.7268807167326847,0,10,9,4,1,1
user-676,0.11049325801614986,0.8368544801445194,0,14,3,4,6,1
user-677,0.2268526189451653,0.5534361376121336,1,0,26,11,12,1
user-678,0.6389059701703224,0.8339884114571207,3,5,43,14,8,1
user-679,0.24313915351568324,0.9493956291730328,1,1,27,5,8,0
user-680,0.21596804604807857,0.7593322098355282,0,11,36,2,0,1
user-681,0.24855717435847977,0.6285095558330009,0,2,32,1,6,1
user-682,0.23747045971287373,0.7417620974263865,2,3,1,7,8,0
user-683,0.5319284493276698,0.6213318916056634,0,5,16,10,5,0
user-684,0.39043892434622446,0.5963574663481872,1,5,11,13,0,0
user-685,0.16973758904288572,0.8224890584254988,4,6,26,5,1,1
user-686,0.204026175015018,0.6991424520319202,2,4,40,5,3,0
user-687,0.25492632671059895,0.9007643480175043,0,6,1,6,3,0
user-688,0.2890608269629375,0.6536365516134645,3,1,26,7,1,1
user-689,0.1407896901376908,0.6688238128994983,1,0,28,1,7,1
user-690,0.18846863488275697,0.6350233507152792,4,11,9,0,1,1
user-691,0.5651992012277928,0.5519724841969192,1,9,44,10,2,1
user-692,0.5441384134079764,0.8421637347924886,1,7,22,11,3,0
user-693,0.20749581324893812,1.0,0,0,8,3,8,1
user-694,0.1937947313120766,0.6626659142150773,1,11,42,1,9,1
user-695,0.39173659785710696,0.617925608448749,0,1,27,6,0,0
user-696,0.0549042835324885,0.6082014774439364,4,10,39,3,7,1
user-697,0.513200034727355,0.618040015859943,1,11,19,12,11,0
user-698,0.16801384883050952,0.9674675529361202,0,9,25,4,4,1
user-699,0.34984513829632496,0.6122279220360163,2,5,38,8,6,0
user-700,0.06470899156806993,0.632209979866569,2,0,21,0,7,1
user-701,0.3992098512519557,0.5339468621773542,0,9,24,6,4,1
user-702,0.3602074853627583,0.7640473160794605,3,2,24,8,7,0
user-703,0.3368158164406375,0.7099155656773519,2,6,19,5,9,0
user-704,0.12566751557557146,0.549423183629616,2,11,2,3,10,1
user-705,0.18674564305294103,0.586075560402288,0,7,14,1,7,1
user-706,0.3090542956810058,0.9499400055803335,2,3,32,3,8,0
user-707,0.16110471655100672,0.7249061634403151,1,11,42,5,1,1
user-708,0.15601939383489905,0.7352528093170946,2,2,32,5,2,0
user-709,0.4891720840330514,0.7358480737539091,1,0,28,9,0,0
user-710,0.0405952160464261,0.9291938082316764,2,11,39,0,3,1
user-711,0.5013100171730703,0.5632178456518934,1,8,40,6,4,1
user-712,0.12548012366790592,0.6605406719735318,4,9,42,6,10,1
user-713,0.37832624698778555,0.6946552190006233,0,5,40,8,0,0
user-714,0.32221290371486117,0.4618236262065413,4,5,13,5,7,0
user-715,0.12136225357209518,0.5825787725127984,3,8,12,2,1,0
user-716,0.16476671994108208,0.8770012240921405,3,0,8,0,0,1
user-717,0.42106902306580285,0.8340320244495176,2,5,15,10,1,0
user-718,0.22306564310409913,0.8605600312653047,0,11,26,8,12,1
user-719,0.7475416808203147,0.6316364666202898,1,4,12,13,4,1
user-720,0.17653263115212867,0.6501457139821745,1,12,43,8,8,1
user-721,0.16939987569774237,0.4517901757442951,0,10,27,3,8,1
user-722,0.10123676310915995,0.8597901813474464,2,14,18,5,1,0
user-723,0.15521976788527783,0.8844978403149144,1,5,45,4,1,0
user-724,0.2516719879928031,0.8825881449803412,0,13,36,6,2,1
user-725,0.6988438963940432,0.960613688021586,0,10,27,18,6,0
user-726,0.16287619472878653,0.7833162890234858,0,7,9,5,10,1
user-727,0.03586107451957101,0.9535322754820039,5,4,39,1,2,1
user-728,0.18689261626561332,0.6899288086263182,1,1,1,0,0,1
user-729,0.28021975907890234,0.45494844524916744,3,11,7,3,5,1
user-730,0.5039853388745347,0.8491087015860176,1,11,26,11,2,0
user-731,0.2905356993774629,0.44941663109869573,3,1,7,9,0,1
user-732,0.21370325400439458,0.7455303074240047,3,9,7,5,12,1
user-733,0.17420404077010232,0.8632985703186383,3,4,8,2,3,1
user-734,0.39919600736253635,0.7686388194052796,0,2,16,4,12,1
user-735,0.2659319496638474,1.0,3,9,3,4,0,1
user-736,0.4020401338219226,0.4251106508779533,0,2,45,8,0,0
user-737,0.1054043592980552,0.7075708991196127,2,7,10,0,11,1
user-738,0.18962207868009487,0.7226183197878984,2,6,7,2,1,1
user-739,0.3548328182831717,0.5183845775726379,2,0,21,7,9,0
user-740,0.07851743073924757,0.5469400813913572,3,11,37,4,7,1
user-741,0.12350488995470801,0.59323070837601,1,12,31,4,1,1
user-742,0.24137784545030638,0.5550529058926106,3,11,23,5,10,1
user-743,0.4688543103047804,0.7038008024754198,0,4,27,10,1,0
user-744,0.5491671814360513,0.6295552649771761,0,8,22,12,10,0
user-745,0.13208665662881736,0.7676862576143513,3,3,39,2,10,1
user-746,0.29893631402013454,0.8174145699304594,0,0,27,5,9,0
user-747,0.5146805029932751,0.8072668439578333,1,7,4,12,9,0
user-748,0.40089713682600786,0.6584810632222865,1,4,24,8,7,1
user-749,0.2842255949831302,0.7626713444196708,2,1,23,3,11,0
user-750,0.3175441101133822,0.8752693374265099,4,14,19,9,5,1
user-751,0.1384834698703489,0.7868346871916234,2,11,42,0,11,1
user-752,0.20097123645401038,0.998846654166513,0,0,3,7,10,0
user-753,0.24188964316220724,0.8673268480150031,3,13,27,6,3,1
user-754,0.2295611941890383,0.9777610608972692,0,11,3,3,2,1
user-755,0.2156860757163646,0.3461485308104903,0,11,28,4,0,0
user-756,0.12310958018220286,0.7345014181710348,1,11,17,2,10,1
user-757,0.5160624858560737,0.6714101248571672,2,2,31,12,2,0
user-758,0.2623139249573352,0.7012530404528677,1,8,10,7,11,1
user-759,0.23099426875149454,0.599256086984379,1,0,22,6,8,0
user-760,0.09595128593448145,0.779429910057627,2,3,30,3,4,1
user-761,0.340353357371217,0.4487465351373881,1,7,21,7,12,1
user-762,0.15694670027434335,0.7805155294306936,2,7,36,7,5,1
user-763,0.16200257717108482,0.6042433169729189,0,9,23,6,4,1
user-764,0.19459935313145535,0.6449420864819349,1,11,38,3,0,1
user-765,0.3889033363849212,0.7857752654348606,1,10,12,9,9,0
user-766,0.3240072686151163,0.73181665917995,1,12,25,8,0,0
user-767,0.05696068686177275,0.878088136710968,2,10,20,1,3,1
user-768,0.5068443274386883,0.5745744741231016,1,7,42,9,2,1
user-769,0.30439250526781686,0.7078941521674309,2,9,7,9,10,0
user-770,0.2972452247392276,0.8533159675516726,1,7,29,6,7,1
user-771,0.1367056096153261,0.7741799615627097,1,3,29,3,11,0
user-772,0.44914011712217095,0.7838391380194194,3,7,13,12,11,1
user-773,0.25181479605739426,0.8862064287574851,1,8,3,10,6,1
user-774,0.16951392607312646,0.6590636326695708,0,6,2,2,10,1
user-775,0.08014649270573643,0.6274753684316594,3,13,16,1,6,1
user-776,0.23253705235538352,0.8063856655398504,1,11,30,5,7,1
user-777,0.4841625365767797,0.6975852770983366,1,1,38,10,9,0
user-778,0.1693257626556566,0.8883305351546573,2,8,6,4,6,0
user-779,0.07477892700140167,0.7754660155672584,1,10,45,1,9,1
user-780,0.18524232349219433,0.6264973979564608,2,7,7,1,1,1
user-781,0.16796351370450527,0.7707576040216713,3,12,5,7,3,1
user-782,0.2763354949660545,0.58459505036662,1,4,7,7,10,0
user-783,0.1309785515470799,0.8620392702535584,1,14,34,2,5,1
user-784,0.1542500262093677,0.5104271540177773,0,11,32,4,2,1
user-785,0.08993538353011882,0.9033097911294278,0,2,13,5,2,0
user-786,0.3465590425511273,0.7681314766776866,2,6,30,5,5,0
user-787,0.16499025374641893,0.6953158545565988,0,13,25,4,0,1
user-788,0.1454381844637113,0.8345001226400814,2,13,21,0,0,1
user-789,0.451163889216197,0.7966989966243532,0,14,21,9,4,0
user-790,0.529206349858932,0.919557252848709,1,1,28,12,0,0
user-791,0.37717719713879494,0.91815926075302,0,12,20,5,9,0
user-792,0.49771530922633084,0.7728435666249429,1,2,34,10,7,1
user-793,0.42318456662924475,0.5892343967937634,1,11,5,10,1,1
user-794,0.21733647489695565,0.6387736499330638,3,8,18,6,5,1
user-795,0.10549743468741864,0.7092529671282527,1,3,39,0,9,1
user-796,0.17711581607683305,0.8822582541592641,4,3,43,4,9,1
user-797,0.15601042342477014,0.6515420307993787,1,2,11,4,4,0
user-798,0.3583027272484148,0.6640589219354794,0,4,17,7,9,0
user-799,0.2382117203777517,0.9972525943901139,1,2,45,7,11,0
user-800,0.044437637134920625,0.704355223293341,1,8,22,0,11,1
user-801,0.17743415640634935,0.6247902164600092,2,14,37,4,3,1
user-802,0.08105034586883748,0.836496904259122,2,2,20,0,0,1
user-803,0.23325972978998843,0.7115798575560622,1,1,6,1,2,1
user-804,0.4563029734443914,0.5115601254849652,3,11,34,11,12,1
user-805,0.11099512270858748,0.876137112421106,1,4,14,2,11,1
user-806,0.524107383079782,0.6079441018951087,0,5,23,10,3,0
user-807,0.2494485341513156,0.7265378397584363,2,0,20,3,1,0
user-808,0.35765966969172464,0.7097791329318965,1,13,13,9,11,0
user-809,0.1411241998676989,0.7545151760204794,1,11,44,0,1,1
user-810,0.25621935561558057,0.3913388891153003,1,10,41,7,1,1
user-811,0.5239791499617252,0.6697350781801148,0,5,32,11,10,0
user-812,0.4819498063691885,0.8887255590173553,0,9,26,7,0,0
user-813,0.2639644320402215,0.9098168279837481,0,2,14,6,9,0
user-814,0.22351415888456408,0.5713064427539518,0,3,36,10,1,1
user-815,0.27642704708167387,0.8580897364067723,1,5,8,8,5,0
user-816,0.32112925534140707,0.6057855368361623,1,7,40,5,2,0
user-817,0.557406885681536,0.6638201610919074,1,14,22,13,9,0
user-818,0.16218908617481992,0.6717023450311123,0,8,22,0,4,1
user-819,0.15480747939205203,0.7363205564558112,1,5,16,0,0,1
user-820,0.20960392282734935,0.8702049684436294,4,6,27,4,7,1
user-821,0.10686653718771086,0.7596876804043666,2,14,10,3,12,1
user-822,0.36441921405229005,0.7010802359514233,0,13,25,9,3,0
user-823,0.06985421523280302,0.8650966849557322,3,4,31,3,8,1
user-824,0.5752524381494897,0.5996007914649428,1,13,21,12,3,1
user-825,0.28165155884564697,0.7084173834798075,1,11,27,2,1,1
user-826,0.37944115369394515,0.8693671842566293,1,14,17,7,2,1
user-827,0.045659631002925305,0.7993959317685859,2,8,33,3,4,0
user-828,0.3907392159198113,0.650054403383263,3,3,31,9,11,0
user-829,0.32590294062100394,0.49305648500995986,2,9,42,7,9,0
user-830,0.3450841502829877,0.7666287286192217,1,10,26,8,12,0
user-831,0.23701367390107056,0.4831987197145516,1,5,21,5,12,1
user-832,0.4243518655493258,0.6881247952963252,1,4,36,5,5,0
user-833,0.12881200099088816,0.8968422598855001,2,0,1,5,6,0
user-834,0.3299114686361586,0.8095137969452774,2,4,4,6,3,0
user-835,0.06675553056618239,0.4164519032981749,0,12,4,3,6,1
user-836,0.10571078303232644,0.7500677256510475,0,4,26,0,9,1
user-837,0.5357995621053333,0.6721245128096108,1,13,4,14,2,0
user-838,0.15957134377575058,0.5289423898911826,0,8,9,1,6,1
user-839,0.12287989871766321,0.7702531943703154,0,0,30,8,3,0
user-840,0.3099564477393271,0.646239322681391,2,14,45,10,12,0
user-841,0.5006741240171694,0.6471698942040753,0,4,4,7,12,0
user-842,0.19253338124350866,0.738606767764008,0,14,5,5,7,1
user-843,0.6798139772747848,0.6261173203647773,3,6,45,12,8,1
user-844,0.16580692395614124,0.7343603750799844,1,10,23,2,6,1
user-845,0.44532573170634104,0.6310012665555098,3,5,16,8,7,0
user-846,0.28710346659034747,0.6392307809066187,1,5,22,7,7,0
user-847,0.20515210248463084,0.8689394653943292,2,11,37,5,1,1
user-848,0.3569482999794101,0.8842007454570414,1,6,8,5,8,0
user-849,0.08720531597496316,0.46370186292860627,2,5,33,3,5,1
user-850,0.23791157291652001,0.8320609265769828,1,4,38,4,10,1
user-851,0.2125906368597829,0.9297886506939158,3,9,43,1,3,1
user-852,0.338047471227676,0.9536065226105364,1,4,16,6,4,0
user-853,0.29052756084271986,0.7980569588827678,1,8,5,9,9,1
user-854,0.3479181328972756,0.5613903213384154,4,13,16,6,4,1
user-855,0.42219960770511716,0.8144971260521302,0,7,7,5,6,1
user-856,0.24249642318363557,0.5896121467176125,2,13,1,6,8,1
user-857,0.3024763373927353,0.6685552250765019,2,11,9,4,6,0
user-858,0.5685546252018753,0.7774623235567228,1,14,18,12,8,0
user-859,0.29393240112032726,0.5992860980071891,4,9,45,6,3,1
user-860,0.23718069472344744,0.5480399539923323,2,13,3,8,9,1
user-861,0.4348483136027772,0.7898659977736234,4,3,24,8,9,0
user-862,0.24766475341982122,1.0,1,3,28,3,3,0
user-863,0.5915252921662858,0.9064851495719195,1,9,10,11,5,0
user-864,0.4941427378687358,0.8260779277575142,4,4,9,7,7,0
user-865,0.19275092244199293,0.86687781533846,1,12,13,3,8,1
user-866,0.21570858057122805,0.8156579245772874,1,12,35,8,0,1
user-867,0.4548274324248505,0.7874850344114089,0,2,23,12,0,0
user-868,0.43203347294911104,0.854792675939797,1,14,17,13,12,1
user-869,0.4727380263938699,0.5147455361918967,2,7,7,10,7,1
user-870,0.2538973946761992,0.749922794916437,2,6,16,5,10,1
user-871,0.28572136176326274,0.7078577690634235,2,4,40,4,6,0
user-872,0.23179228060444987,0.7318354246716845,1,9,36,5,8,1
user-873,0.23320414628000993,0.6507941677879815,1,2,20,4,10,0
user-874,0.16973032592208812,0.7980731767161348,3,14,24,5,2,1
user-875,0.49151217411248693,0.5973107985468589,3,4,5,8,9,0
user-876,0.33195877515080124,0.6399217605911948,3,2,45,7,11,1
user-877,0.34270313402458813,0.6219180129521849,2,9,6,4,4,0
user-878,0.47320746037150585,0.8495919955904804,2,4,28,10,2,0
user-879,0.057826174727944005,0.718241474518621,2,0,5,3,4,0
user-880,0.3342823374545915,0.6508751490304856,1,5,39,3,9,0
user-881,0.5055663733930453,0.663985545747573,0,9,38,7,0,0
user-882,0.10926771693672341,0.7205820925020611,1,3,2,0,10,1
user-883,0.47637186210417104,0.963326237830478,2,3,43,9,3,1
user-884,0.3351520189164386,0.5345219495479991,3,7,39,4,5,1
user-885,0.31131126560378347,0.8213264996519678,2,1,21,9,1,0
user-886,0.3156514521042244,0.7907793507046511,1,3,40,7,12,0
user-887,0.13425930596426694,0.5875551902329836,1,14,37,4,6,1
user-888,0.04261251654027319,0.940030993523203,0,1,18,0,7,0
user-889,0.44024925150934274,0.8008920676321014,0,0,12,11,0,0
user-890,0.1195934956640864,0.6438400045155365,4,9,17,4,12,1
user-891,0.2000779313230958,0.441088001108061,1,12,37,3,3,0
user-892,0.700781797570807,0.7543720251748669,2,12,38,11,10,0
user-893,0.2817555447671211,0.7132881622866025,1,2,15,5,3,0
user-894,0.34926511547555156,0.5653930603100821,1,11,7,6,12,1
user-895,0.18348662812958905,0.5634578384796545,1,7,14,3,4,1
user-896,0.5023166737897835,0.8502764800679257,2,5,1,9,11,0
user-897,0.06245007841002175,0.4266457639018507,3,11,38,3,11,1
user-898,0.4354437700393007,0.7671424132609554,1,6,3,4,3,0
user-899,0.0920630148030118,0.6918844537033707,2,1,37,5,8,0
user-900,0.6257518883853295,0.7945732242530159,1,5,44,15,6,0
user-901,0.37700811694720254,0.6758542485209698,1,13,31,8,12,0
user-902,0.1271719790497805,0.7639912447890471,4,7,43,2,1,1
user-903,0.27435287356315835,0.6085837733206936,3,7,13,8,0,1
user-904,0.38256661568693123,0.7126192625739947,3,3,18,8,8,0
user-905,0.17843961982715925,0.7933625817226113,0,5,17,3,0,0
user-906,0.2162905367743838,0.7426307806913205,4,13,17,7,5,1
user-907,0.520974034164533,0.7770460263602316,0,4,11,15,1,1
user-908,0.279074004926693,0.5808118050822529,2,8,20,4,3,1
user-909,0.48498879957497276,0.6313988157172722,3,7,10,11,5,1
user-910,0.3481128642195799,0.6339990241176082,2,1,29,5,4,0
user-911,0.37769730827879666,0.678526536661987,1,11,34,9,10,0
user-912,0.45526763848906865,0.9237874304426742,1,12,17,8,5,0
user-913,0.564636774420852,0.6668731866696448,0,6,42,14,2,0
user-914,0.13525495524082076,0.5484660810351749,1,6,13,3,4,0
user-915,0.41890629703440113,0.8012468531775888,1,10,44,8,1,0
user-916,0.6277239733678208,0.9219965147151722,1,13,39,16,6,0
user-917,0.42330626189328024,0.5308182222221536,0,13,27,7,2,1
user-918,0.3242865327317485,1.0,0,11,26,8,0,0
user-919,0.5237323534287259,0.7822764903484607,2,0,28,9,7,0
user-920,0.6843643932117193,0.8750836183602586,3,0,13,16,7,0
user-921,0.35926527588984386,0.9400607452564972,1,11,12,11,2,0
user-922,0.3939614324212918,0.8658926464061613,3,3,44,7,12,0
user-923,0.3799956547644613,0.7034196604488476,0,4,28,3,6,0
user-924,0.08417433653931046,0.9026547216287123,2,14,2,0,8,1
user-925,0.43722711473977127,0.7581899654806379,1,3,37,14,7,0
user-926,0.09410779357588527,0.8835727087361459,2,6,34,1,2,1
user-927,0.3982612864989766,0.8999813225671024,1,2,23,12,12,0
user-928,0.0776550664575109,0.5563655115040848,1,6,45,0,1,1
user-929,0.12821245493162955,0.839145169796551,2,12,29,1,12,1
user-930,0.21425064305656616,0.6927162122229942,2,7,35,6,9,1
user-931,0.18980885239554654,0.7407285955176023,2,5,11,5,6,0
user-932,0.449549690409468,0.7390639123264197,2,5,33,11,6,0
user-933,0.23408313613509105,0.7330455326363037,1,7,11,5,8,1
user-934,0.10047468691113758,0.9485287968343559,2,7,9,4,4,1
user-935,0.17529106997208221,0.5150328559658904,3,6,14,5,3,1
user-936,0.31120624590899987,0.4616484964695321,1,5,9,9,7,0
user-937,0.30725814341699853,0.430006489250164,1,5,39,5,3,0
user-938,0.31622983906163077,0.880371639590387,0,9,3,8,3,0
user-939,0.44932302965782933,0.603984376219851,0,10,29,8,11,0
user-940,0.4992607592612914,0.7398279704272329,0,12,19,10,11,0
user-941,0.37973287476095796,0.7027924313813131,0,12,36,7,1,0
user-942,0.25879512048478875,0.5870437289040029,0,5,32,3,12,1
user-943,0.21720650202910807,0.8477215856333548,2,7,7,1,0,1
user-944,0.6337271424536701,0.7008805547673923,2,0,28,15,3,0
user-945,0.3024225452045582,0.6843397384442422,2,4,44,5,6,0
user-946,0.35324383153672917,0.7549306961610376,1,2,18,7,11,0
user-947,0.19600880118123296,0.8281158127257325,1,11,5,2,8,1
user-948,0.19460414633823603,0.5761535634698328,1,7,23,3,8,0
user-949,0.12016596269169015,0.850937752099993,1,10,22,1,11,1
user-950,0.2881738348704263,0.9374780279660024,0,5,26,8,9,0
user-951,0.19451076843381124,0.5060816446858235,2,13,42,3,0,1
user-952,0.22190174670034968,0.7617448468691747,1,1,12,8,4,0
user-953,0.4924424140581507,0.6742616681464009,0,14,40,12,6,0
user-954,0.08506599782258312,0.824884587108021,0,12,19,1,12,1
user-955,0.17078468035505964,0.5375011181209723,1,6,1,4,6,0
user-956,0.3275299415979275,0.9643407338465363,0,6,3,8,9,0
user-957,0.3146017534698956,0.4788157790356396,1,12,27,8,5,1
user-958,0.5591300431761457,0.6833578590335199,2,4,18,13,10,0
user-959,0.05690746574113332,0.785144411399304,1,7,30,2,9,1
user-960,0.521586297139582,0.6170494729597762,2,13,2,9,3,0
user-961,0.11091117446247269,0.5934897677314444,0,4,5,4,2,1
user-962,0.22652284530795472,0.7533353454945786,0,0,29,4,11,0
user-963,0.08232379528839835,0.7316639879986621,2,8,33,0,12,1
user-964,0.020337621111797904,0.7208907254122724,1,3,42,1,8,1
user-965,0.5150992247062112,0.8488032767198439,2,12,20,9,11,1
user-966,0.1524295832997067,0.6608290959857968,3,1,30,2,12,1
user-967,0.4015616903423039,0.7679388974692507,3,3,42,8,9,0
user-968,0.1934741652155991,0.6440095787586277,0,13,5,1,3,1
user-969,0.5676055160091945,0.5926005771255888,2,12,21,12,7,1
user-970,0.207457529958512,0.6772862057264972,1,8,15,4,12,1
user-971,0.24303279275432918,0.6451852219209553,1,1,20,3,0,0
user-972,0.16867962259904035,0.6526794298255828,5,3,8,3,6,1
user-973,0.11978721348434991,0.8947991126703242,3,1,31,0,11,1
user-974,0.4281637369757693,0.6818844818946669,3,4,12,9,5,0
user-975,0.2805328520070296,0.6205639991580203,0,2,21,7,12,0
user-976,0.025530459181464824,0.7242118161071985,1,9,30,1,11,1
user-977,0.5758838933798938,0.7356341908692611,1,1,27,13,0,0
user-978,0.24667491342653283,0.5419678155608892,2,13,44,7,3,1
user-979,0.12659141193795395,0.6752390592114235,2,8,26,2,11,0
user-980,0.07690526282307505,0.6691973513852104,0,4,33,4,4,0
user-981,0.13178659947560378,0.6941783589437289,3,9,26,2,10,1
user-982,0.34235225040309447,0.8288292559556978,1,4,26,5,7,0
user-983,0.44228704443852895,0.7405007806744324,0,0,36,8,3,0
user-984,0.22902080143355766,0.9041906021077996,3,5,40,5,2,0
user-985,0.8133424050014514,0.7182509466166777,3,12,1,18,1,1
user-986,0.20792342426577648,0.9864130920570096,0,6,15,4,3,1
user-987,0.26083444259376065,0.650883747940252,3,0,1,4,10,0
user-988,0.10952628416623476,0.6045656428252314,0,8,11,5,9,1
user-989,0.25085125200039493,0.802095401216546,4,7,2,2,12,1
user-990,0.46152626905013167,0.9246122906197526,2,11,1,8,3,0
user-991,0.6224521206393593,0.513179504312216,1,13,31,14,12,0
user-992,0.3984798933684013,0.6904514027678527,0,13,44,12,9,0
user-993,0.058734322284688674,0.6283827082371194,0,7,16,2,4,1
user-994,0.09968586243360074,0.741427651948812,0,6,22,2,12,1
user-995,0.05874538677015844,0.7215026885249107,1,4,42,1,6,1
user-996,0.14049481279644285,0.9218071871441581,2,2,18,4,8,0
user-997,0.1813561796987826,0.7037392810687825,0,14,17,4,1,1
user-998,0.12077322769540527,0.9262176148455343,2,11,30,1,4,1
user-999,0.3803905055871858,0.6727349495971972,4,13,10,7,10,1
user-1000,0.11550874706878701,0.8589722812657824,1,8,35,1,9,1
